Id,ActivityDate,TotalSteps,TotalDistance,TrackerDistance,LoggedActivitiesDistance,VeryActiveDistance,ModeratelyActiveDistance,LightActiveDistance,SedentaryActiveDistance,VeryActiveMinutes,FairlyActiveMinutes,LightlyActiveMinutes,SedentaryMinutes,Calories,sum,mean/TotalDistance,xi-mean,xi-mean^2,sum(xi-mean^2,sum(xi-mean^2/N,,Normal Dist
1503960366,3/25/2016,11004,7.110000134,7.110000134,0,2.569999933,0.460000008,4.070000172,0,33,12,205,804,1819,2131.229998,4.663522972,2.446477162,5.985250506,7598.471183,16.6268516,4.07760366,0.081721717
1503960366,3/26/2016,17609,11.55000019,11.55000019,0,6.920000076,0.730000019,3.910000086,0,89,17,274,588,2154,,,6.886477218,47.42356848,,,,0.023504535
1503960366,3/27/2016,12736,8.529999733,8.529999733,0,4.659999847,0.159999996,3.710000038,0,56,5,268,605,1944,,,3.866476761,14.94964255,,,,0.062411155
1503960366,3/28/2016,13231,8.930000305,8.930000305,0,3.190000057,0.790000021,4.949999809,0,39,20,224,1080,1932,,,4.266477333,18.20282884,,,,0.056594666
1503960366,3/29/2016,12041,7.849999905,7.849999905,0,2.160000086,1.090000033,4.610000134,0,28,28,243,763,1886,,,3.186476933,10.15363525,,,,0.072093853
1503960366,3/30/2016,10970,7.159999847,7.159999847,0,2.359999895,0.50999999,4.289999962,0,30,13,223,1174,1820,,,2.496476875,6.23239679,,,,0.081116601
1503960366,3/31/2016,12256,7.860000134,7.860000134,0,2.289999962,0.49000001,5.039999962,0,33,12,239,820,1889,,,3.196477162,10.21746625,,,,0.071955601
1503960366,1/4/2016,12262,7.869999886,7.869999886,0,3.319999933,0.829999983,3.640000105,0,47,21,200,866,1868,,,3.206476914,10.2814942,,,,0.071817188
1503960366,2/4/2016,11248,7.25,7.25,0,3,0.449999988,3.74000001,0,40,11,244,636,1843,,,2.586477028,6.689863419,,,,0.080008332
1503960366,3/4/2016,10016,6.369999886,6.369999886,0,0.910000026,1.279999971,4.179999828,0,15,30,314,655,1850,,,1.706476914,2.91206346,,,,0.08963413
1503960366,4/4/2016,14557,9.800000191,9.800000191,0,3.390000105,0.699999988,5.690000057,0,43,18,285,757,2030,,,5.136477219,26.38339823,,,,0.044252416
1503960366,5/4/2016,14844,9.729999542,9.729999542,0,2.940000057,0.75999999,6.039999962,0,36,18,341,736,2083,,,5.06647657,25.66918484,,,,0.045213137
1503960366,6/4/2016,11974,7.670000076,7.670000076,0,2.039999962,0.479999989,5.150000095,0,27,12,228,1173,1861,,,3.006477104,9.03890458,,,,0.074551547
1503960366,7/4/2016,10198,6.440000057,6.440000057,0,1.200000048,0.790000021,4.449999809,0,17,20,195,1208,1755,,,1.776477085,3.155870835,,,,0.08897936
1503960366,8/4/2016,12521,7.940000057,7.940000057,0,3.309999943,0.899999976,3.74000001,0,46,22,212,1160,1895,,,3.276477085,10.73530209,,,,0.070843768
1503960366,9/4/2016,12432,8.100000381,8.100000381,0,2.589999914,0.589999974,4.920000076,0,32,15,248,738,1883,,,3.436477409,11.80937699,,,,0.068592115
1503960366,10/4/2016,10057,6.980000019,6.980000019,0,4,0.49000001,2.480000019,0,44,13,168,737,1755,,,2.316477047,5.366065911,,,,0.083257632
1503960366,11/4/2016,10990,7.260000229,7.260000229,0,2.039999962,0.569999993,4.650000095,0,26,14,216,855,1811,,,2.596477257,6.741694149,,,,0.079883724
1503960366,12/4/2016,224,0.140000001,0.140000001,0,0,0,0.129999995,0,0,0,9,32,50,,,-4.523522971,20.46226006,,,,0.052877054
1624580081,3/25/2016,1810,1.179999948,1.179999948,0,0,0,1.129999995,0.01,0,0,121,1319,1373,,,-3.483523024,12.13493266,,,,0.067923871
1624580081,3/26/2016,815,0.529999971,0.529999971,0,0,0,0.529999971,0,0,0,47,1393,1264,,,-4.133523001,17.0860124,,,,0.05852766
1624580081,3/27/2016,1985,1.289999962,1.289999962,0,0,0,1.279999971,0.01,0,0,112,1328,1350,,,-3.37352301,11.3806575,,,,0.069482156
1624580081,3/28/2016,1905,1.24000001,1.24000001,0,0,0,1.24000001,0,0,0,95,1345,1342,,,-3.423522962,11.72050947,,,,0.068775666
1624580081,3/29/2016,1552,1.00999999,1.00999999,0,0,0,1,0,0,0,66,1374,1300,,,-3.653522982,13.34823018,,,,0.065490261
1624580081,3/30/2016,1675,1.090000033,1.090000033,0,0,0,1.090000033,0,0,0,84,1356,1313,,,-3.573522939,12.77006619,,,,0.06663886
1624580081,3/31/2016,4506,2.930000067,2.930000067,0,0.50999999,0.270000011,2.150000095,0.01,7,4,144,1285,1498,,,-1.733522905,3.005101661,,,,0.0893837
1624580081,1/4/2016,9218,5.989999771,5.989999771,0,0,0,5.96999979,0.01,0,0,221,1219,1541,,,1.326476799,1.7595407,,,,0.092795175
1624580081,2/4/2016,1556,1.00999999,1.00999999,0,0,0,1.00999999,0.01,0,0,88,1352,1327,,,-3.653522982,13.34823018,,,,0.065490261
1624580081,3/4/2016,2910,1.889999986,1.889999986,0,0,0,1.879999995,0.01,0,0,157,1283,1452,,,-2.773522986,7.692429751,,,,0.077632159
1624580081,4/4/2016,18464,12,12,0,0,0,12,0,0,0,270,1170,1574,,,7.336477028,53.82389519,,,,0.019389347
1624580081,5/4/2016,1335,0.870000005,0.870000005,0,0,0,0.870000005,0,0,0,74,1366,1308,,,-3.793522967,14.3908165,,,,0.063468832
1624580081,6/4/2016,1004,0.649999976,0.649999976,0,0,0,0.649999976,0,0,0,55,1385,1276,,,-4.013522996,16.10836684,,,,0.060273893
1624580081,7/4/2016,1111,0.720000029,0.720000029,0,0,0,0.720000029,0,0,0,54,1386,1278,,,-3.943522943,15.5513732,,,,0.061291973
1624580081,8/4/2016,6344,4.119999886,4.119999886,0,0,0,4.099999905,0,0,0,143,1297,1409,,,-0.543523086,0.295417345,,,,0.096972121
1624580081,9/4/2016,3572,2.319999933,2.319999933,0,0,0,2.289999962,0.029999999,0,0,122,1318,1370,,,-2.343523039,5.492100232,,,,0.082942676
1624580081,10/4/2016,3910,2.539999962,2.539999962,0,0.469999999,0.25,1.809999943,0.01,7,7,186,1240,1555,,,-2.12352301,4.509349972,,,,0.08543047
1624580081,11/4/2016,10000,6.5,6.5,0,0,0,6.5,0,0,0,172,1268,1469,,,1.836477028,3.372647876,,,,0.0884012
1624580081,12/4/2016,6627,4.309999943,4.309999943,0,0,0,4.309999943,0,0,0,89,604,706,,,-0.353523029,0.124978532,,,,0.097470419
1644430081,1/4/2016,4636,3.410000086,3.410000086,0,0,0.779999971,2.599999905,0.029999999,0,16,586,838,3323,,,-1.253522886,1.571319625,,,,0.093321899
1644430081,2/4/2016,20237,14.71000004,14.71000004,0,2.569999933,6.400000095,5.730000019,0.01,34,141,347,918,4029,,,10.04647707,100.9317015,,,,0.004702552
1644430081,3/4/2016,12912,9.409999847,9.409999847,0,4.829999924,0.769999981,3.789999962,0.029999999,59,16,283,1082,3436,,,4.746476875,22.52904273,,,,0.049690687
1644430081,4/4/2016,2819,2.049999952,2.049999952,0,0.310000002,0.170000002,1.559999943,0.01,4,4,87,1345,2444,,,-2.61352302,6.830502574,,,,0.079670669
1644430081,5/4/2016,9921,7.210000038,7.210000038,0,0.340000004,1.519999981,5.360000134,0,5,35,219,1181,3098,,,2.546477066,6.48454545,,,,0.080503854
1644430081,6/4/2016,8046,5.849999905,5.849999905,0,1.289999962,2.119999886,2.450000048,0,18,41,137,1244,2925,,,1.186476933,1.407727514,,,,0.093782129
1644430081,7/4/2016,11166,8.119999886,8.119999886,0,0.209999993,2.410000086,5.5,0,3,58,230,1149,3202,,,3.456476914,11.94723266,,,,0.06830835
1644430081,8/4/2016,7842,5.699999809,5.699999809,0,0.479999989,2.410000086,2.809999943,0,7,43,161,1229,2928,,,1.036476837,1.074284235,,,,0.094727236
1644430081,9/4/2016,13840,10.06000042,10.06000042,0,1.309999943,3.720000029,5.03000021,0,18,81,192,1149,3290,,,5.396477448,29.12196885,,,,0.040754087
1644430081,10/4/2016,1329,0.970000029,0.970000029,0,0,0,0.970000029,0,0,0,35,207,489,,,-3.693522943,13.64211173,,,,0.064914037
1844505072,1/4/2016,6847,4.53000021,4.53000021,0,0.610000014,0.370000005,3.549999952,0,9,9,251,1171,1969,,,-0.133522762,0.017828328,,,,0.097784995
1844505072,2/4/2016,5367,3.549999952,3.549999952,0,0,0,3.549999952,0,0,0,263,1177,1889,,,-1.11352302,1.239933515,,,,0.094256538
1844505072,3/4/2016,2841,1.879999995,1.879999995,0,0,0,1.879999995,0,0,0,136,1114,1636,,,-2.783522977,7.748000161,,,,0.077502536
1844505072,4/4/2016,0,0,0,0,0,0,0,0,0,0,0,669,1347,,,-4.663522972,21.74844651,,,,0.050870922
1844505072,5/4/2016,0,0,0,0,0,0,0,0,0,0,0,1440,1347,,,-4.663522972,21.74844651,,,,0.050870922
1844505072,6/4/2016,7,0,0,0,0,0,0,0,0,0,1,1439,1349,,,-4.663522972,21.74844651,,,,0.050870922
1844505072,7/4/2016,6344,4.190000057,4.190000057,0,0,0,4.190000057,0,0,0,290,1150,1965,,,-0.473522915,0.224223951,,,,0.097179953
1844505072,8/4/2016,5316,3.50999999,3.50999999,0,0,0,3.50999999,0,0,0,221,1219,1824,,,-1.153522982,1.330615269,,,,0.093999853
1844505072,9/4/2016,4979,3.289999962,3.289999962,0,0,0,3.289999962,0,0,0,184,620,1807,,,-1.37352301,1.886565458,,,,0.092441386
1844505072,10/4/2016,6556,4.340000153,4.340000153,0,0,0,4.329999924,0,0,0,305,810,1971,,,-0.323522819,0.104667014,,,,0.097529972
1844505072,11/4/2016,5430,3.589999914,3.589999914,0,0,0,3.589999914,0,0,0,251,1189,1888,,,-1.073523058,1.152451755,,,,0.094504828
1844505072,12/4/2016,0,0,0,0,0,0,0,0,0,0,0,426,399,,,-4.663522972,21.74844651,,,,0.050870922
1927972279,1/4/2016,4317,2.99000001,2.99000001,0,0,0.370000005,2.619999886,0,0,11,192,854,2590,,,-1.673522962,2.800679103,,,,0.089934866
1927972279,2/4/2016,5662,3.920000076,3.920000076,0,0,0,3.920000076,0,0,0,267,858,2783,,,-0.743522896,0.552826296,,,,0.096224381
1927972279,3/4/2016,3198,2.210000038,2.210000038,0,0,0,2.210000038,0,0,0,146,1183,2449,,,-2.453522934,6.019774785,,,,0.081636917
1927972279,4/4/2016,2352,1.629999995,1.629999995,0,0,0,1.629999995,0,0,0,128,829,2380,,,-3.033522977,9.202261649,,,,0.074186214
1927972279,5/4/2016,2234,1.549999952,1.549999952,0,0,0,1.549999952,0,0,0,108,912,2344,,,-3.11352302,9.694025593,,,,0.073097202
1927972279,6/4/2016,1259,0.870000005,0.870000005,0,0,0,0.870000005,0,0,0,73,938,2202,,,-3.793522967,14.3908165,,,,0.063468832
1927972279,7/4/2016,768,0.529999971,0.529999971,0,0,0,0.529999971,0,0,0,43,1397,2130,,,-4.133523001,17.0860124,,,,0.05852766
1927972279,8/4/2016,519,0.360000014,0.360000014,0,0,0,0.360000014,0,0,0,34,1406,2088,,,-4.303522958,18.52030985,,,,0.056056914
1927972279,9/4/2016,2523,1.75,1.75,0,0,0.370000005,1.379999995,0,0,9,134,1250,2443,,,-2.913522972,8.488616106,,,,0.075795504
1927972279,10/4/2016,2105,1.460000038,1.460000038,0,0,0,1.460000038,0,0,0,139,805,2442,,,-3.203522934,10.26255919,,,,0.071858093
1927972279,11/4/2016,1209,0.839999974,0.839999974,0,0,0,0.839999974,0,0,0,73,842,2255,,,-3.823522998,14.61932811,,,,0.063034185
1927972279,12/4/2016,24,0.02,0.02,0,0,0,0.02,0,0,0,3,161,942,,,-4.643522972,21.56230559,,,,0.051156476
2022484408,1/4/2016,13603,9.600000381,9.600000381,0,5.460000038,0.629999995,3.50999999,0,72,16,213,1139,2645,,,4.936477409,24.36880921,,,,0.047016207
2022484408,2/4/2016,5477,3.839999914,3.839999914,0,0,0,3.839999914,0,0,0,237,1203,2040,,,-0.823523058,0.678190226,,,,0.095862305
2022484408,3/4/2016,11144,7.820000172,7.820000172,0,1.789999962,0.889999986,5.139999866,0,25,22,279,1114,2395,,,3.1564772,9.963348317,,,,0.072507577
2022484408,4/4/2016,15313,11,11,0,5.019999981,1.289999962,4.690000057,0,62,19,233,1126,2581,,,6.336477028,40.15094113,,,,0.029250441
2022484408,5/4/2016,10805,7.590000153,7.590000153,0,0.720000029,0.980000019,5.889999866,0,36,37,298,1069,2735,,,2.926477181,8.564268694,,,,0.075623264
2022484408,6/4/2016,15392,10.93000031,10.93000031,0,3.430000067,1.75,5.75,0,47,42,258,1093,2733,,,6.266477338,39.26873823,,,,0.030036824
2022484408,7/4/2016,18247,13.82999992,13.82999992,0,7.110000134,2.210000038,4.510000229,0,72,62,252,1054,3021,,,9.166476948,84.02429965,,,,0.007818886
2022484408,8/4/2016,13023,9.260000229,9.260000229,0,3.230000019,0.560000002,5.46999979,0,40,12,296,1092,2577,,,4.596477257,21.12760318,,,,0.051829599
2022484408,9/4/2016,16267,12.59000015,12.59000015,0,5.75,0.469999999,6.369999886,0,44,16,302,1078,2811,,,7.926477178,62.82904046,,,,0.014789574
2022484408,10/4/2016,10005,7.019999981,7.019999981,0,0.079999998,1.049999952,5.900000095,0,1,23,339,1077,2458,,,2.356477009,5.552983896,,,,0.082790956
2022484408,11/4/2016,10106,7.090000153,7.090000153,0,1.210000038,0.560000002,5.329999924,0,41,16,272,1111,2568,,,2.426477181,5.887791512,,,,0.081961576
2022484408,12/4/2016,6717,4.71999979,4.71999979,0,3.230000019,0.219999999,1.269999981,0,41,5,67,551,1140,,,0.056476818,0.003189631,,,,0.09782805
2026352035,1/4/2016,2605,1.620000005,1.620000005,0,0,0,1.620000005,0,0,0,166,729,1407,,,-3.043522967,9.263032048,,,,0.074050764
2026352035,2/4/2016,1229,0.75999999,0.75999999,0,0,0,0.75999999,0,0,0,69,795,1237,,,-3.903522982,15.23749167,,,,0.061873246
2026352035,3/4/2016,2308,1.429999948,1.429999948,0,0,0,1.429999948,0,0,0,115,720,1330,,,-3.233523024,10.45567114,,,,0.071442006
2026352035,4/4/2016,6679,4.139999866,4.139999866,0,0,0,4.139999866,0,0,0,263,644,1583,,,-0.523523106,0.274076442,,,,0.097034374
2026352035,5/4/2016,5645,3.5,3.5,0,0,0,3.5,0,0,0,248,621,1538,,,-1.163522972,1.353785705,,,,0.093934379
2026352035,6/4/2016,3180,1.970000029,1.970000029,0,0,0,1.970000029,0,0,0,185,738,1421,,,-2.693522943,7.255065842,,,,0.078659947
2026352035,7/4/2016,2767,1.720000029,1.720000029,0,0,0,1.720000029,0,0,0,170,673,1392,,,-2.943522943,8.664327313,,,,0.07539606
2026352035,8/4/2016,3762,2.329999924,2.329999924,0,0,0,2.329999924,0,0,0,173,719,1425,,,-2.333523048,5.445329813,,,,0.083059414
2026352035,9/4/2016,3098,1.919999957,1.919999957,0,0,0,1.919999957,0,0,0,185,700,1413,,,-2.743523015,7.526918531,,,,0.078019515
2026352035,10/4/2016,5142,3.190000057,3.190000057,0,0,0,3.190000057,0,0,0,230,654,1515,,,-1.473522915,2.17126978,,,,0.09165332
2026352035,11/4/2016,3279,2.029999971,2.029999971,0,0,0,2.029999971,0,0,0,164,694,1405,,,-2.633523001,6.935443394,,,,0.079419643
2026352035,12/4/2016,1019,0.629999995,0.629999995,0,0,0,0.629999995,0,0,0,64,223,600,,,-4.033522977,16.2693076,,,,0.059982885
2320127002,1/4/2016,0,0,0,0,0,0,0,0,0,0,0,1440,1324,,,-4.663522972,21.74844651,,,,0.050870922
2320127002,2/4/2016,0,0,0,0,0,0,0,0,0,0,0,1440,1324,,,-4.663522972,21.74844651,,,,0.050870922
2320127002,3/4/2016,0,0,0,0,0,0,0,0,0,0,0,1440,1324,,,-4.663522972,21.74844651,,,,0.050870922
2320127002,4/4/2016,0,0,0,0,0,0,0,0,0,0,0,1440,1324,,,-4.663522972,21.74844651,,,,0.050870922
2320127002,5/4/2016,4931,3.319999933,3.319999933,0,0,0,3.319999933,0,0,0,175,1265,1708,,,-1.343523039,1.805054155,,,,0.092668256
2320127002,6/4/2016,6999,4.71999979,4.71999979,0,0,0,4.71999979,0,0,0,320,1120,1950,,,0.056476818,0.003189631,,,,0.09782805
2320127002,7/4/2016,1846,1.24000001,1.24000001,0,0,0,1.24000001,0,0,0,93,1347,1508,,,-3.423522962,11.72050947,,,,0.068775666
2320127002,8/4/2016,3417,2.299999952,2.299999952,0,0,0,2.299999952,0,0,0,153,1287,1625,,,-2.36352302,5.586241064,,,,0.082708198
2320127002,9/4/2016,4863,3.279999971,3.279999971,0,0.059999999,0.419999987,2.799999952,0,1,11,208,1220,1772,,,-1.383523001,1.914135893,,,,0.092364775
2320127002,10/4/2016,2277,1.529999971,1.529999971,0,0,0,1.529999971,0,0,0,103,1337,1530,,,-3.133523001,9.818966395,,,,0.072823077
2320127002,11/4/2016,11230,7.670000076,7.670000076,0,0.889999986,0.119999997,6.659999847,0,10,2,390,1038,2206,,,3.006477104,9.03890458,,,,0.074551547
2320127002,12/4/2016,2098,1.409999967,1.409999967,0,0,0,1.409999967,0,0,0,69,617,790,,,-3.253523005,10.58541194,,,,0.071163815
2347167796,3/29/2016,10272,6.789999962,6.789999962,0,0.159999996,3.119999886,3.5,0,2,58,208,700,2041,,,2.12647699,4.521904391,,,,0.085398223
2347167796,3/30/2016,10533,7.099999905,7.099999905,0,1.769999981,2.059999943,3.269999981,0,21,35,255,615,2187,,,2.436476933,5.936419847,,,,0.081841808
2347167796,3/31/2016,6760,4.46999979,4.46999979,0,0,0,4.46999979,0,0,0,250,613,1929,,,-0.193523182,0.037451222,,,,0.097727309
2347167796,1/4/2016,8328,5.510000229,5.510000229,0,0,2,3.5,0,0,33,212,804,1935,,,0.846477257,0.716523747,,,,0.095751863
2347167796,2/4/2016,15459,10.22000027,10.22000027,0,3.589999914,0.810000002,5.820000172,0,51,16,327,583,2438,,,5.556477298,30.87443997,,,,0.038661957
2347167796,3/4/2016,7485,4.949999809,4.949999809,0,0,0,4.949999809,0,0,0,324,491,2035,,,0.286476837,0.082068978,,,,0.097596273
2347167796,4/4/2016,10254,6.800000191,6.800000191,0,1.419999957,1.230000019,4.159999847,0,21,25,231,638,2099,,,2.136477219,4.564534909,,,,0.085288814
2347167796,5/4/2016,10114,6.820000172,6.820000172,0,1.639999986,0.479999989,4.679999828,0,18,9,269,696,2096,,,2.1564772,4.650393916,,,,0.085068888
2347167796,6/4/2016,11107,7.340000153,7.340000153,0,0.899999976,2.75999999,3.680000067,0,14,46,196,759,2058,,,2.676477181,7.163530103,,,,0.078876769
2347167796,7/4/2016,10320,6.849999905,6.849999905,0,0.680000007,1.230000019,4.940000057,0,15,32,315,1002,2338,,,2.186476933,4.780681381,,,,0.084736241
2347167796,8/4/2016,10209,6.75,6.75,0,0.159999996,0.349999994,6.230000019,0,2,6,316,711,2104,,,2.086477028,4.35338639,,,,0.085832089
2347167796,9/4/2016,16081,10.63000011,10.63000011,0,1.25,1.820000052,7.559999943,0,16,32,401,970,2488,,,5.966477138,35.59884944,,,,0.033541531
2347167796,10/4/2016,10078,6.829999924,6.829999924,0,1.019999981,0.119999997,5.690000057,0,12,3,303,463,2164,,,2.166476952,4.693622386,,,,0.084958373
2347167796,11/4/2016,10001,6.610000134,6.610000134,0,0.330000013,2.930000067,3.359999895,0,5,52,196,788,2009,,,1.946477162,3.788773344,,,,0.08730187
2347167796,12/4/2016,0,0,0,0,0,0,0,0,0,0,0,425,399,,,-4.663522972,21.74844651,,,,0.050870922
2873212765,1/4/2016,890,0.600000024,0.600000024,0,0,0,0.600000024,0,0,0,41,1399,1335,,,-4.063522948,16.51221875,,,,0.05954632
2873212765,2/4/2016,2214,1.49000001,1.49000001,0,0,0,1.49000001,0,0,0,197,1243,1559,,,-3.173522962,10.07124799,,,,0.07227269
2873212765,3/4/2016,7640,5.130000114,5.130000114,0,0.189999998,0.800000012,4.150000095,0,3,15,315,1107,1845,,,0.466477142,0.217600924,,,,0.09719931
2873212765,4/4/2016,9713,6.53000021,6.53000021,0,0.340000004,0.889999986,5.289999962,0,6,24,355,1055,2046,,,1.866477238,3.483737282,,,,0.088106374
2873212765,5/4/2016,8432,5.670000076,5.670000076,0,0,0,5.650000095,0.01,0,0,374,1066,1953,,,1.006477104,1.012996162,,,,0.094901984
2873212765,6/4/2016,7350,4.940000057,4.940000057,0,0,0,4.940000057,0,0,0,382,1058,1910,,,0.276477085,0.076439579,,,,0.097612796
2873212765,7/4/2016,9353,6.309999943,6.309999943,0,0.370000005,0.689999998,5.239999771,0,5,17,363,1055,2035,,,1.646476971,2.710886418,,,,0.090178039
2873212765,8/4/2016,7157,4.809999943,4.809999943,0,0,0,4.809999943,0,0,0,380,1060,1944,,,0.146476971,0.021455503,,,,0.097774329
2873212765,9/4/2016,14103,9.56000042,9.56000042,0,3.019999981,0.409999996,6.139999866,0.01,46,8,288,1098,2257,,,4.896477448,23.9754914,,,,0.047575606
2873212765,10/4/2016,5290,3.549999952,3.549999952,0,0.039999999,0.340000004,3.170000076,0,1,8,251,1180,1724,,,-1.11352302,1.239933515,,,,0.094256538
2873212765,11/4/2016,7497,5.039999962,5.039999962,0,0,0,5.039999962,0,0,0,357,882,1741,,,0.37647699,0.141734924,,,,0.097421316
2873212765,12/4/2016,0,0,0,0,0,0,0,0,0,0,0,1440,0,,,-4.663522972,21.74844651,,,,0.050870922
2891001357,3/29/2016,0,0,0,0,0,0,0,0,0,0,0,1440,1920,,,-4.663522972,21.74844651,,,,0.050870922
2891001357,3/30/2016,0,0,0,0,0,0,0,0,0,0,0,1440,1920,,,-4.663522972,21.74844651,,,,0.050870922
2891001357,3/31/2016,0,0,0,0,0,0,0,0,0,0,0,1440,1920,,,-4.663522972,21.74844651,,,,0.050870922
2891001357,1/4/2016,0,0,0,4.828032017,0,0,0,0,0,660,0,780,4562,,,-4.663522972,21.74844651,,,,0.050870922
2891001357,2/4/2016,4126,3.220000029,0,3.218688011,0,0,3.220000029,0,0,0,720,720,2881,,,-1.443522943,2.083758486,,,,0.091894834
2891001357,3/4/2016,0,0,0,0,0,0,0,0,0,0,0,1440,1920,,,-4.663522972,21.74844651,,,,0.050870922
2891001357,4/4/2016,0,0,0,0,0,0,0,0,0,0,0,1440,1920,,,-4.663522972,21.74844651,,,,0.050870922
2891001357,5/4/2016,2063,1.610000014,0,1.609344006,0,0,1.610000014,0,0,0,630,99,1144,,,-3.053522958,9.324002452,,,,0.073915117
3372868164,1/4/2016,5785,3.950000048,3.950000048,0,0,0,3.910000086,0.039999999,0,0,311,1129,1852,,,-0.713522924,0.509114962,,,,0.096350949
3372868164,2/4/2016,7625,5.230000019,5.230000019,0,1.679999948,0.039999999,3.5,0.01,24,1,341,1074,2069,,,0.566477047,0.320896245,,,,0.09689785
3372868164,3/4/2016,4706,3.210000038,3.210000038,0,0,0,3.210000038,0,0,0,299,1141,1816,,,-1.453522934,2.112728918,,,,0.091814811
3372868164,4/4/2016,5861,4.019999981,4.019999981,0,1.299999952,0.219999999,2.49000001,0.01,20,7,233,1180,1878,,,-0.643522991,0.414121839,,,,0.09662658
3372868164,5/4/2016,4460,3.039999962,3.039999962,0,0,0,3.019999981,0.029999999,0,0,248,1192,1787,,,-1.62352301,2.635826963,,,,0.090381817
3372868164,6/4/2016,6406,4.389999866,4.389999866,0,0.779999971,0.090000004,3.519999981,0.01,17,4,325,1094,2010,,,-0.273523106,0.074814889,,,,0.097617565
3372868164,7/4/2016,7392,5.099999905,5.099999905,0,0.870000005,0.159999996,4.050000191,0.02,14,9,332,1085,2038,,,0.436476933,0.190512113,,,,0.097278521
3372868164,8/4/2016,5551,3.789999962,3.789999962,0,0,0,3.769999981,0.01,0,0,282,1158,1815,,,-0.87352301,0.763042448,,,,0.095618009
3372868164,9/4/2016,8827,6.25,6.25,0,1.769999981,0.479999989,4,0.01,21,10,346,1063,2062,,,1.586477028,2.516909362,,,,0.090705607
3372868164,10/4/2016,4662,3.180000067,3.180000067,0,1.039999962,0.150000006,1.99000001,0,22,4,152,735,1276,,,-1.483522905,2.200840208,,,,0.091571854
3977333714,1/4/2016,4499,3.00999999,3.00999999,0,0,0,3.00999999,0,0,0,168,842,1288,,,-1.653522982,2.73413825,,,,0.090115006
3977333714,2/4/2016,7618,5.099999905,5.099999905,0,0,0.180000007,4.909999847,0,0,6,302,842,1490,,,0.436476933,0.190512113,,,,0.097278521
3977333714,3/4/2016,11508,7.699999809,7.699999809,0,2.170000076,0.839999974,4.690000057,0,29,22,282,748,1630,,,3.036476837,9.220191584,,,,0.074146225
3977333714,4/4/2016,11943,7.989999771,7.989999771,0,1.029999971,2.00999999,4.949999809,0,16,43,297,710,1648,,,3.326476799,11.0654479,,,,0.070143904
3977333714,5/4/2016,12303,8.229999542,8.229999542,0,1.710000038,1.350000024,5.170000076,0,26,32,291,605,1649,,,3.56647657,12.71975513,,,,0.066739758
3977333714,6/4/2016,15425,10.31999969,10.31999969,0,1.620000005,1.820000052,6.869999886,0,24,45,331,614,1783,,,5.656476718,31.99572887,,,,0.03738004
3977333714,7/4/2016,8422,5.630000114,5.630000114,0,0,3.599999905,2.039999962,0,0,81,139,815,1431,,,0.966477142,0.934078067,,,,0.095127474
3977333714,8/4/2016,10226,6.840000153,6.840000153,0,0,4.440000057,2.400000095,0,0,101,174,685,1524,,,2.176477181,4.737052921,,,,0.084847487
3977333714,9/4/2016,14583,9.760000229,9.760000229,0,2.480000019,1.74000001,5.53000021,0,35,36,254,697,1697,,,5.096477257,25.97408044,,,,0.044800483
3977333714,10/4/2016,3573,2.390000105,2.390000105,0,0.939999998,0.409999996,0.970000029,0,15,8,99,866,1232,,,-2.273522867,5.168906225,,,,0.083752729
3977333714,11/4/2016,3108,2.140000105,2.140000105,0,0.07,0.039999999,1.960000038,0,1,1,129,894,1223,,,-2.523522867,6.368167658,,,,0.080786087
3977333714,12/4/2016,759,0.569999993,0.569999993,0,0,0,0.569999993,0,0,0,17,187,182,,,-4.093522979,16.75693038,,,,0.059109731
4020332650,12/3/2016,5543,3.970000029,3.970000029,0,0,0,3.960000038,0.01,0,0,254,757,2990,,,-0.693522943,0.480974072,,,,0.09643252
4020332650,3/13/2016,3226,2.309999943,2.309999943,0,0,0,2.279999971,0,0,0,136,771,2480,,,-2.353523029,5.539070646,,,,0.082825603
4020332650,3/14/2016,3023,2.170000076,2.170000076,0,0,0,2.140000105,0,0,0,145,1005,2570,,,-2.493522896,6.217656431,,,,0.081152565
4020332650,3/15/2016,5906,4.230000019,4.230000019,0,0,0.159999996,4.039999962,0,0,10,215,874,3016,,,-0.433522953,0.18794215,,,,0.09728604
4020332650,3/16/2016,12483,8.989999771,8.989999771,0,1.450000048,0.569999993,6.900000095,0,25,14,309,599,3830,,,4.326476799,18.7184015,,,,0.055723977
4020332650,3/17/2016,8940,6.409999847,6.409999847,0,0,0,0.610000014,0.039999999,0,0,47,986,3706,,,1.746476875,3.050181477,,,,0.08926261
4020332650,3/18/2016,368,0.25999999,0.25999999,0,0,0,0,0,0,0,0,1440,2024,,,-4.403522982,19.39101465,,,,0.054608186
4020332650,3/19/2016,5702,4.090000153,4.090000153,0,0,0,0,0,0,0,0,1440,2980,,,-0.573522819,0.328928423,,,,0.096874448
4020332650,3/20/2016,10330,7.409999847,7.409999847,0,0,0,0,0,0,0,0,1440,3728,,,2.746476875,7.543135227,,,,0.077981477
4020332650,3/21/2016,8778,6.289999962,6.289999962,0,0,0,0,0,0,0,0,1440,3348,,,1.62647699,2.645427401,,,,0.090355727
4020332650,3/22/2016,6662,4.78000021,4.78000021,0,0,0,0,0,0,0,0,1440,3162,,,0.116477238,0.013566947,,,,0.097797526
4020332650,3/23/2016,6309,4.519999981,4.519999981,0,0,0,0,0,0,0,0,1440,3140,,,-0.143522991,0.020598849,,,,0.097776848
4020332650,3/24/2016,1951,1.409999967,1.409999967,0,0,0,0,0,0,0,0,1440,1980,,,-3.253523005,10.58541194,,,,0.071163815
4020332650,3/25/2016,5563,3.99000001,3.99000001,0,0,0,0,0,0,0,0,1440,3681,,,-0.673522962,0.45363318,,,,0.096511839
4020332650,3/26/2016,4370,3.130000114,3.130000114,0,0,0,0,0,0,0,0,1440,3444,,,-1.533522858,2.351692355,,,,0.091157388
4020332650,3/27/2016,7144,5.119999886,5.119999886,0,0,0,0,0,0,0,0,1440,3510,,,0.456476914,0.208371173,,,,0.097226292
4020332650,3/28/2016,2106,1.50999999,1.50999999,0,0.02,0.050000001,0.209999993,0,31,45,75,1289,4010,,,-3.153522982,9.944707195,,,,0.072548234
4020332650,3/29/2016,4152,2.980000019,2.980000019,0,0,0,2.960000038,0,0,0,187,1253,2976,,,-1.683522953,2.834249532,,,,0.08984412
4020332650,3/30/2016,5400,3.869999886,3.869999886,0,0,0,3.849999905,0,0,0,258,795,3418,,,-0.793523086,0.629678887,,,,0.096002254
4020332650,3/31/2016,7428,5.329999924,5.329999924,0,0.870000005,0.920000017,3.50999999,0,18,33,261,860,3439,,,0.666476952,0.444191528,,,,0.096539245
4020332650,1/4/2016,5351,3.839999914,3.839999914,0,0.620000005,0.180000007,3.00999999,0,15,17,210,748,3338,,,-0.823523058,0.678190226,,,,0.095862305
4020332650,2/4/2016,4299,3.099999905,3.099999905,0,0.090000004,0.209999993,2.74000001,0.039999999,3,15,162,752,2892,,,-1.563523067,2.44460438,,,,0.090903047
4020332650,3/4/2016,6107,4.380000114,4.380000114,0,0,0,4.360000134,0,0,0,265,776,3313,,,-0.283522858,0.080385211,,,,0.097601215
4020332650,4/4/2016,6429,4.599999905,4.599999905,0,0,0.949999988,3.650000095,0,0,28,193,741,3118,,,-0.063523067,0.00403518,,,,0.097825563
4020332650,5/4/2016,6880,4.929999828,4.929999828,0,0.5,0.75999999,3.650000095,0,7,19,165,1249,2966,,,0.266476856,0.071009915,,,,0.097628735
4020332650,6/4/2016,7476,5.360000134,5.360000134,0,0,0,5.309999943,0,0,0,263,920,3253,,,0.696477162,0.485080438,,,,0.096420613
4020332650,7/4/2016,6581,4.71999979,4.71999979,0,0,0.289999992,4.389999866,0,0,8,241,1191,3032,,,0.056476818,0.003189631,,,,0.09782805
4020332650,8/4/2016,10480,7.510000229,7.510000229,0,0.409999996,1.470000029,5.010000229,0.039999999,6,37,272,1125,4034,,,2.846477257,8.102432777,,,,0.076680866
4020332650,9/4/2016,7734,5.550000191,5.550000191,0,1.159999967,0.49000001,3.819999933,0.059999999,20,12,223,1185,3264,,,0.886477219,0.785841861,,,,0.095552474
4020332650,10/4/2016,5129,3.680000067,3.680000067,0,0.180000007,0.239999995,3.210000038,0.01,5,7,176,1178,2817,,,-0.983522905,0.967317304,,,,0.095032435
4020332650,11/4/2016,2993,2.150000095,2.150000095,0,0,0,2.089999914,0,0,0,114,888,2507,,,-2.513522877,6.317797251,,,,0.080908549
4020332650,12/4/2016,8,0.01,0.01,0,0,0,0.01,0,0,0,1,321,446,,,-4.653522972,21.65527605,,,,0.051013653
4057192912,12/3/2016,0,0,0,0,0,0,0,0,0,0,0,1440,1777,,,-4.663522972,21.74844651,,,,0.050870922
4057192912,3/13/2016,0,0,0,0,0,0,0,0,0,0,0,1440,1777,,,-4.663522972,21.74844651,,,,0.050870922
4057192912,3/14/2016,8433,6.230000019,6.230000019,0,2.450000048,0.330000013,3.440000057,0,30,7,135,1268,2453,,,1.566477047,2.45385034,,,,0.090877775
4057192912,3/15/2016,0,0,0,0,0,0,0,0,0,0,0,1440,1776,,,-4.663522972,21.74844651,,,,0.050870922
4057192912,3/16/2016,2139,1.559999943,1.559999943,0,0,1.299999952,0.25999999,0,0,28,15,1397,1935,,,-3.103523029,9.631855189,,,,0.073233991
4057192912,3/17/2016,0,0,0,0,0,0,0,0,0,0,0,1440,1776,,,-4.663522972,21.74844651,,,,0.050870922
4057192912,3/18/2016,949,0.689999998,0.689999998,0,0,0,0.689999998,0,0,0,34,1406,1870,,,-3.973522974,15.78888482,,,,0.06085576
4057192912,3/19/2016,0,0,0,0,0,0,0,0,0,0,0,1440,1777,,,-4.663522972,21.74844651,,,,0.050870922
4057192912,3/20/2016,44,0.029999999,0.029999999,0,0,0,0.029999999,0,0,0,2,1438,1782,,,-4.633522973,21.46953514,,,,0.05129939
4057192912,3/21/2016,2660,1.940000057,1.940000057,0,0,0,1.940000057,0,0,0,46,1394,1978,,,-2.723522915,7.417577066,,,,0.078276473
4057192912,3/22/2016,5561,4.190000057,4.190000057,0,0,0,4.070000172,0,0,0,169,1271,2296,,,-0.473522915,0.224223951,,,,0.097179953
4057192912,3/23/2016,7239,5.340000153,5.340000153,0,0.550000012,0.360000014,4.380000114,0,7,7,190,1236,2484,,,0.676477181,0.457621377,,,,0.096500265
4057192912,3/24/2016,7,0.01,0.01,0,0,0,0.01,0,0,0,1,1439,1787,,,-4.653522972,21.65527605,,,,0.051013653
4057192912,3/25/2016,0,0,0,0,0,0,0,0,0,0,0,1440,1776,,,-4.663522972,21.74844651,,,,0.050870922
4057192912,3/26/2016,0,0,0,0,0,0,0,0,0,0,0,1440,1776,,,-4.663522972,21.74844651,,,,0.050870922
4057192912,3/27/2016,2275,1.679999948,1.679999948,0,0,0,1.659999967,0,0,0,86,1354,2005,,,-2.983523024,8.901409632,,,,0.074860435
4057192912,3/28/2016,8,0.01,0.01,0,0,0,0.01,0,0,0,1,1439,1778,,,-4.653522972,21.65527605,,,,0.051013653
4057192912,3/29/2016,5137,3.75999999,3.75999999,0,0,0,3.75999999,0,0,0,160,1280,2293,,,-0.903522982,0.816353778,,,,0.09546484
4057192912,3/30/2016,5419,4,4.570000172,0.055842999,0,0,3.910000086,0.059999999,0,0,145,1295,2259,,,-0.663522972,0.440262734,,,,0.096550652
4057192912,3/31/2016,0,0,0,0,0,0,0,0,0,0,0,1440,1776,,,-4.663522972,21.74844651,,,,0.050870922
4057192912,1/4/2016,0,0,0,0,0,0,0,0,0,0,0,1440,1776,,,-4.663522972,21.74844651,,,,0.050870922
4057192912,2/4/2016,0,0,0,0,0,0,0,0,0,0,0,1440,1776,,,-4.663522972,21.74844651,,,,0.050870922
4057192912,3/4/2016,0,0,0,0,0,0,0,0,0,0,0,1440,1776,,,-4.663522972,21.74844651,,,,0.050870922
4057192912,4/4/2016,0,0,0,0,0,0,0,0,0,0,0,1440,1776,,,-4.663522972,21.74844651,,,,0.050870922
4057192912,5/4/2016,0,0,0,0,0,0,0,0,0,0,0,1440,1776,,,-4.663522972,21.74844651,,,,0.050870922
4057192912,6/4/2016,18,0.01,0.01,0,0,0,0.01,0,0,0,2,1438,1780,,,-4.653522972,21.65527605,,,,0.051013653
4057192912,7/4/2016,4,0,0,0,0,0,0,0,0,0,1,1439,1778,,,-4.663522972,21.74844651,,,,0.050870922
4057192912,8/4/2016,8426,6.159999847,6.159999847,0,0.129999995,5.489999771,0.540000021,0,2,120,25,1293,2360,,,1.496476875,2.239443039,,,,0.091465614
4057192912,9/4/2016,1650,1.210000038,1.210000038,0,0,0,1.210000038,0,0,0,60,1380,1952,,,-3.453522934,11.92682065,,,,0.068350292
4057192912,10/4/2016,3434,2.50999999,2.50999999,0,0.07,0.300000012,2.140000105,0,1,7,108,1324,2101,,,-2.153522982,4.637661232,,,,0.085101466
4057192912,11/4/2016,6801,4.980000019,4.980000019,0,0,0,4.96999979,0,0,0,193,1247,2393,,,0.316477047,0.100157722,,,,0.097543198
4057192912,12/4/2016,187,0.140000001,0.140000001,0,0,0,0.140000001,0,0,0,11,400,538,,,-4.523522971,20.46226006,,,,0.052877054
4319703577,3/29/2016,5643,3.789999962,3.789999962,0,0.230000004,0.330000013,3.230000019,0,3,8,199,683,1958,,,-0.87352301,0.763042448,,,,0.095618009
4319703577,3/30/2016,9043,6.070000172,6.070000172,0,0.25,0.430000007,5.369999886,0,4,12,244,702,2141,,,1.4064772,1.978178115,,,,0.092187064
4319703577,3/31/2016,8144,5.460000038,5.460000038,0,0.25,0.610000014,4.610000134,0,4,17,247,1125,2129,,,0.796477066,0.634375717,,,,0.095988695
4319703577,1/4/2016,9343,6.269999981,6.269999981,0,0.959999979,0.850000024,4.460000038,0,14,20,268,654,2216,,,1.606477009,2.580768382,,,,0.090531587
4319703577,2/4/2016,8405,5.659999847,5.659999847,0,1.129999995,0.189999998,4.340000153,0,15,4,257,621,2154,,,0.996476875,0.992966163,,,,0.094959164
4319703577,3/4/2016,8223,5.519999981,5.519999981,0,0.800000012,1.50999999,3.210000038,0,12,37,257,551,2178,,,0.856477009,0.733552868,,,,0.095702841
4319703577,4/4/2016,10067,6.760000229,6.760000229,0,0.360000014,1.419999957,4.96999979,0,5,39,313,578,2308,,,2.096477257,4.395216891,,,,0.085724187
4319703577,5/4/2016,8359,5.630000114,5.630000114,0,0.230000004,0.529999971,4.869999886,0,3,14,311,638,2201,,,0.966477142,0.934078067,,,,0.095127474
4319703577,6/4/2016,10946,7.349999905,7.349999905,0,0.540000021,2.089999914,4.71999979,0,8,51,308,569,2341,,,2.686476933,7.217158314,,,,0.078749667
4319703577,7/4/2016,9130,6.150000095,6.150000095,0,0.5,0.379999995,5.269999981,0,7,11,304,668,2236,,,1.486477123,2.209614239,,,,0.091547696
4319703577,8/4/2016,6544,4.409999847,4.409999847,0,0.289999992,0.25999999,3.859999895,0,4,6,276,1132,2069,,,-0.253523125,0.064273975,,,,0.097648513
4319703577,9/4/2016,0,0,0,0,0,0,0,0,0,0,0,1440,0,,,-4.663522972,21.74844651,,,,0.050870922
4388161847,3/29/2016,0,0,0,0,0,0,0,0,0,0,0,1440,1878,,,-4.663522972,21.74844651,,,,0.050870922
4388161847,3/30/2016,0,0,0,0,0,0,0,0,0,0,0,1440,1878,,,-4.663522972,21.74844651,,,,0.050870922
4388161847,3/31/2016,0,0,0,0,0,0,0,0,0,0,0,1440,1878,,,-4.663522972,21.74844651,,,,0.050870922
4388161847,1/4/2016,0,0,0,0,0,0,0,0,0,0,0,1440,1878,,,-4.663522972,21.74844651,,,,0.050870922
4388161847,2/4/2016,0,0,0,0,0,0,0,0,0,0,0,1440,1878,,,-4.663522972,21.74844651,,,,0.050870922
4388161847,3/4/2016,0,0,0,0,0,0,0,0,0,0,0,1440,1878,,,-4.663522972,21.74844651,,,,0.050870922
4388161847,4/4/2016,0,0,0,0,0,0,0,0,0,0,0,1440,1878,,,-4.663522972,21.74844651,,,,0.050870922
4388161847,5/4/2016,0,0,0,0,0,0,0,0,0,0,0,994,1296,,,-4.663522972,21.74844651,,,,0.050870922
4445114986,3/29/2016,2303,1.549999952,1.549999952,0,0,0,1.549999952,0,0,0,155,807,2010,,,-3.11352302,9.694025593,,,,0.073097202
4445114986,3/30/2016,2600,1.74000001,1.74000001,0,0,0,1.74000001,0,0,0,163,1277,2032,,,-2.923522962,8.546986507,,,,0.075662576
4445114986,3/31/2016,4804,3.220000029,3.220000029,0,0,0,3.220000029,0,0,0,238,786,2227,,,-1.443522943,2.083758486,,,,0.091894834
4445114986,1/4/2016,3271,2.190000057,2.190000057,0,0,0,2.190000057,0,0,0,205,898,2133,,,-2.473522915,6.118315609,,,,0.08139536
4445114986,2/4/2016,5406,3.630000114,3.630000114,0,0,0,3.609999895,0,0,0,273,672,2317,,,-1.033522858,1.068169497,,,,0.094744657
4445114986,3/4/2016,3146,2.109999895,2.109999895,0,0,0,2.109999895,0,0,0,171,1269,2058,,,-2.553523077,6.520480102,,,,0.080416907
4445114986,4/4/2016,2422,1.629999995,1.629999995,0,0,0,1.629999995,0,0,0,110,1330,1935,,,-3.033522977,9.202261649,,,,0.074186214
4445114986,5/4/2016,4239,2.839999914,2.839999914,0,0.059999999,0.239999995,2.529999971,0,1,6,235,702,2217,,,-1.823523058,3.325236341,,,,0.088527328
4445114986,6/4/2016,6911,4.78000021,4.78000021,0,2.319999933,0.100000001,2.359999895,0,28,2,215,745,2374,,,0.116477238,0.013566947,,,,0.097797526
4445114986,7/4/2016,6667,4.610000134,4.610000134,0,2.019999981,0.050000001,2.549999952,0,24,1,208,939,2335,,,-0.053522838,0.002864694,,,,0.097829006
4445114986,8/4/2016,5543,3.720000029,3.720000029,0,0,0,3.720000029,0,0,0,266,941,2303,,,-0.943522943,0.890235543,,,,0.095252975
4445114986,9/4/2016,4195,2.809999943,2.809999943,0,0,0,2.809999943,0,0,0,239,758,2210,,,-1.853523029,3.435547617,,,,0.088234146
4445114986,10/4/2016,6625,4.449999809,4.449999809,0,0,0,4.449999809,0,0,0,316,755,2424,,,-0.213523163,0.045592141,,,,0.097703387
4445114986,11/4/2016,5986,4.130000114,4.130000114,0,1.950000048,0.230000004,1.950000048,0,23,5,195,789,2297,,,-0.533522858,0.28464664,,,,0.097003535
4445114986,12/4/2016,278,0.189999998,0.189999998,0,0,0,0.189999998,0,0,0,20,253,745,,,-4.473522974,20.01240779,,,,0.053597229
4558609924,1/4/2016,5336,3.529999971,3.529999971,0,0,0,3.529999971,0,0,0,258,1182,1902,,,-1.133523001,1.284874393,,,,0.09412924
4558609924,2/4/2016,3183,2.099999905,2.099999905,0,0,0,2.099999905,0,0,0,173,1180,1680,,,-2.563523067,6.571650513,,,,0.080293258
4558609924,3/4/2016,6176,4.079999924,4.079999924,0,0.07,0.25999999,3.75,0,1,7,269,886,1901,,,-0.583523048,0.340499147,,,,0.096840746
4558609924,4/4/2016,8205,5.420000076,5.420000076,0,0,0,5.420000076,0,0,0,367,1073,2078,,,0.756477104,0.57225761,,,,0.09616817
4558609924,5/4/2016,6799,4.489999771,4.489999771,0,1.590000033,0.860000014,2.039999962,0,24,14,185,1217,1876,,,-0.173523201,0.030110301,,,,0.097748885
4558609924,6/4/2016,5668,3.75,3.75,0,0,0,3.75,0,0,0,259,1181,1853,,,-0.913522972,0.83452422,,,,0.09541269
4558609924,7/4/2016,7998,5.289999962,5.289999962,0,0.50999999,0.25,4.53000021,0,27,12,296,1105,2235,,,0.62647699,0.39247342,,,,0.096689506
4558609924,8/4/2016,4195,2.769999981,2.769999981,0,0,0,2.769999981,0,0,0,241,1199,1778,,,-1.893522991,3.585429316,,,,0.087837351
4558609924,9/4/2016,5512,3.640000105,3.640000105,0,0,0,3.640000105,0,0,0,276,1164,1882,,,-1.023522867,1.047599058,,,,0.094803283
4558609924,10/4/2016,6263,4.139999866,4.139999866,0,0,0,4.130000114,0,0,0,290,1150,1906,,,-0.523523106,0.274076442,,,,0.097034374
4558609924,11/4/2016,8828,5.840000153,5.840000153,0,0,0,5.840000153,0,0,0,308,1132,2149,,,1.176477181,1.384098559,,,,0.093848791
4558609924,12/4/2016,1260,0.829999983,0.829999983,0,0,0,0.819999993,0,0,0,76,555,722,,,-3.833522989,14.6958985,,,,0.062889208
4702921684,3/29/2016,6506,5.28000021,5.28000021,0,0.330000013,0.270000011,4.670000076,0,4,5,241,760,2886,,,0.616477238,0.380044186,,,,0.096725652
4702921684,3/30/2016,7583,6.150000095,6.150000095,0,0.25,0.550000012,5.349999905,0,3,13,227,742,2915,,,1.486477123,2.209614239,,,,0.091547696
4702921684,3/31/2016,6963,5.650000095,5.650000095,0,0,0,5.650000095,0,0,0,256,759,2895,,,0.986477123,0.973137115,,,,0.095015805
4702921684,1/4/2016,7165,5.809999943,5.809999943,0,0,0.370000005,5.440000057,0,0,9,248,708,2923,,,1.146476971,1.314409446,,,,0.094045674
4702921684,2/4/2016,10328,8.380000114,8.380000114,0,0,1.460000038,6.920000076,0,0,32,367,475,3323,,,3.716477142,13.81220235,,,,0.064582853
4702921684,3/4/2016,12116,9.829999924,9.829999924,0,0.25,2.849999905,6.71999979,0,3,57,323,471,3357,,,5.166476952,26.6924841,,,,0.043843005
4702921684,4/4/2016,7810,6.360000134,6.360000134,0,0.479999989,1.200000048,4.679999828,0,6,27,216,746,2931,,,1.696477162,2.878034763,,,,0.0897259
4702921684,5/4/2016,6670,5.409999847,5.409999847,0,1.24000001,0.800000012,3.369999886,0,15,16,199,770,2848,,,0.746476875,0.557227726,,,,0.096211646
4702921684,6/4/2016,7605,6.179999828,6.179999828,0,0.330000013,0.209999993,5.630000114,0,4,4,248,708,2943,,,1.516476856,2.299702056,,,,0.091300019
4702921684,7/4/2016,6585,5.340000153,5.340000153,0,0,0,5.340000153,0,0,0,210,770,2822,,,0.676477181,0.457621377,,,,0.096500265
4702921684,8/4/2016,8184,6.639999866,6.639999866,0,0,0.620000005,5.949999809,0,0,15,247,808,2981,,,1.976476894,3.906460914,,,,0.086993448
4702921684,9/4/2016,14002,11.35999966,11.35999966,0,0.610000014,2.680000067,8.06000042,0,8,56,381,407,3597,,,6.696476688,44.84280004,,,,0.025401337
4702921684,10/4/2016,11135,9.029999733,9.029999733,0,0.079999998,1.159999967,7.789999962,0,1,25,331,528,3224,,,4.366476761,19.06611931,,,,0.055144334
4702921684,11/4/2016,6499,5.269999981,5.269999981,0,0,0,5.269999981,0,0,0,207,809,2677,,,0.606477009,0.367814363,,,,0.096761232
4702921684,12/4/2016,0,0,0,0,0,0,0,0,0,0,0,1440,0,,,-4.663522972,21.74844651,,,,0.050870922
5553957443,1/4/2016,12409,8.100000381,8.100000381,0,2.900000095,0.629999995,4.579999924,0,51,12,235,782,2142,,,3.436477409,11.80937699,,,,0.068592115
5553957443,2/4/2016,2937,1.919999957,1.919999957,0,0,0,1.909999967,0,0,0,181,356,1615,,,-2.743523015,7.526918531,,,,0.078019515
5553957443,3/4/2016,1515,0.99000001,0.99000001,0,0,0,0.99000001,0,0,0,93,507,1481,,,-3.673522962,13.49477095,,,,0.065202297
5553957443,4/4/2016,8921,5.880000114,5.880000114,0,2.069999933,0.439999998,3.359999895,0,27,8,198,754,1892,,,1.216477142,1.479816638,,,,0.093579043
5553957443,5/4/2016,11306,7.380000114,7.380000114,0,2.309999943,0.980000019,4.090000153,0,40,26,218,772,2086,,,2.716477142,7.379248066,,,,0.078366748
5553957443,6/4/2016,12252,8,8,0,2.410000086,1.700000048,3.890000105,0,33,28,229,745,2044,,,3.336477028,11.13207896,,,,0.070003496
5553957443,7/4/2016,15444,10.07999992,10.07999992,0,3.269999981,1.730000019,5.079999924,0,51,39,243,731,2249,,,5.416476948,29.33822253,,,,0.040489917
5553957443,8/4/2016,9938,6.489999771,6.489999771,0,2.140000105,1.279999971,3.079999924,0,38,24,193,767,2019,,,1.826476799,3.336017499,,,,0.088498631
5553957443,9/4/2016,4599,3,3,0,0,0,3,0,0,0,176,578,1692,,,-1.663522972,2.767308677,,,,0.090025162
5553957443,10/4/2016,5594,3.650000095,3.650000095,0,0.280000001,1.480000019,1.889999986,0,4,25,150,552,1712,,,-1.013522877,1.027228621,,,,0.094861375
5553957443,11/4/2016,11906,7.769999981,7.769999981,0,2.25999999,1.519999981,3.99000001,0,32,27,234,688,2065,,,3.106477009,9.65019941,,,,0.073193603
5553957443,12/4/2016,3436,2.24000001,2.24000001,0,0.5,0.670000017,1.049999952,0,7,11,50,61,633,,,-2.423522962,5.873463545,,,,0.081996898
5577150313,1/4/2016,10461,7.869999886,7.869999886,0,4.760000229,0.850000024,2.25,0,99,31,142,721,3625,,,3.206476914,10.2814942,,,,0.071817188
5577150313,2/4/2016,14873,11.10999966,11.10999966,0,8.18999958,0.600000024,2.309999943,0,202,36,153,663,4430,,,6.446476688,41.55706169,,,,0.028039382
5577150313,3/4/2016,9917,7.409999847,7.409999847,0,1.99000001,0.970000029,4.440000057,0,58,27,240,700,3427,,,2.746476875,7.543135227,,,,0.077981477
5577150313,4/4/2016,7401,5.559999943,5.559999943,0,2.319999933,0.360000014,2.880000114,0,70,19,204,689,3492,,,0.896476971,0.80367096,,,,0.095501257
5577150313,5/4/2016,8964,6.699999809,6.699999809,0,3.970000029,0.189999998,2.529999971,0,107,18,145,756,3597,,,2.036476837,4.14723791,,,,0.086365838
5577150313,6/4/2016,11080,8.300000191,8.300000191,0,3.130000114,1.370000005,3.809999943,0,83,52,190,695,3765,,,3.636477219,13.22396657,,,,0.065735445
5577150313,7/4/2016,4499,3.359999895,3.359999895,0,0.889999986,0.25999999,2.210000038,0,31,11,146,756,2775,,,-1.303523077,1.699172411,,,,0.092963787
5577150313,8/4/2016,4363,3.25999999,3.25999999,0,0.129999995,0.059999999,3.079999924,0,8,2,156,813,2486,,,-1.403522982,1.96987676,,,,0.09221008
5577150313,9/4/2016,10494,7.840000153,7.840000153,0,4.909999847,0.779999971,2.150000095,0,123,62,138,601,3817,,,3.176477181,10.09000728,,,,0.07223193
5577150313,10/4/2016,9776,7.380000114,7.380000114,0,2.930000067,1.429999948,3.019999981,0,80,35,162,721,3378,,,2.716477142,7.379248066,,,,0.078366748
5577150313,11/4/2016,2862,2.140000105,2.140000105,0,1.039999962,0.25,0.839999974,0,39,17,54,209,1511,,,-2.523522867,6.368167658,,,,0.080786087
6117666160,1/4/2016,7444,5.619999886,5.619999886,0,0,0,5.619999886,0,0,0,286,568,2210,,,0.956476914,0.914848088,,,,0.0951825
6117666160,2/4/2016,19658,14.84000015,14.84000015,0,0.239999995,2.089999914,12.51000023,0,3,30,475,466,2884,,,10.17647718,103.5606878,,,,0.004345092
6117666160,3/4/2016,0,0,0,0,0,0,0,0,0,0,0,1440,1496,,,-4.663522972,21.74844651,,,,0.050870922
6117666160,4/4/2016,8468,6.389999866,6.389999866,0,0.180000007,0.639999986,5.570000172,0,2,11,279,1148,2262,,,1.726476894,2.980722467,,,,0.089449253
6117666160,5/4/2016,9910,7.480000019,7.480000019,0,0,0,7.480000019,0,0,0,384,990,2445,,,2.816477047,7.932542959,,,,0.077073624
6117666160,6/4/2016,12409,9.369999886,9.369999886,0,0,0,9.369999886,0,0,0,491,388,2694,,,4.706476914,22.15092495,,,,0.050258929
6117666160,7/4/2016,4853,3.660000086,3.660000086,0,0,0,3.660000086,0,0,0,156,770,1903,,,-1.003522886,1.007058182,,,,0.094918932
6117666160,8/4/2016,8955,6.760000229,6.760000229,0,0,0,6.730000019,0,0,0,422,1018,2482,,,2.096477257,4.395216891,,,,0.085724187
6117666160,9/4/2016,10789,8.149999619,8.149999619,0,0,0,8.149999619,0,0,0,506,413,2617,,,3.486476647,12.15551941,,,,0.067881833
6117666160,10/4/2016,0,0,0,0,0,0,0,0,0,0,0,1440,0,,,-4.663522972,21.74844651,,,,0.050870922
6290855005,1/4/2016,6633,5.010000229,5.010000229,0,0,0,5.010000229,0,0,0,280,1160,2778,,,0.346477257,0.12004649,,,,0.097484876
6290855005,2/4/2016,9548,7.21999979,7.21999979,0,2.019999981,3.680000067,1.519999981,0,25,107,113,1195,3119,,,2.556476818,6.535573723,,,,0.080380415
6290855005,3/4/2016,0,0,0,0,0,0,0,0,33,0,0,1407,2664,,,-4.663522972,21.74844651,,,,0.050870922
6290855005,4/4/2016,0,0,0,0,0,0,0,0,0,0,0,1440,2060,,,-4.663522972,21.74844651,,,,0.050870922
6290855005,5/4/2016,0,0,0,0,0,0,0,0,0,0,0,1440,2060,,,-4.663522972,21.74844651,,,,0.050870922
6290855005,6/4/2016,0,0,0,0,0,0,0,0,0,0,0,1440,2060,,,-4.663522972,21.74844651,,,,0.050870922
6290855005,7/4/2016,0,0,0,0,0,0,0,0,0,0,0,1440,2060,,,-4.663522972,21.74844651,,,,0.050870922
6290855005,8/4/2016,0,0,0,0,0,0,0,0,0,0,0,1440,2060,,,-4.663522972,21.74844651,,,,0.050870922
6290855005,9/4/2016,0,0,0,0,0,0,0,0,0,0,0,1440,2060,,,-4.663522972,21.74844651,,,,0.050870922
6290855005,10/4/2016,0,0,0,0,0,0,0,0,20,0,0,494,735,,,-4.663522972,21.74844651,,,,0.050870922
6391747486,1/4/2016,0,0,0,0,0,0,0,0,0,0,0,1440,1820,,,-4.663522972,21.74844651,,,,0.050870922
6391747486,2/4/2016,2101,2.029999971,0,2.027772903,2.029999971,0,0,0,46,0,0,1394,2224,,,-2.633523001,6.935443394,,,,0.079419643
6391747486,3/4/2016,0,0,0,0,0,0,0,0,0,0,0,1440,1820,,,-4.663522972,21.74844651,,,,0.050870922
6391747486,4/4/2016,0,0,0,0,0,0,0,0,0,0,0,1440,1820,,,-4.663522972,21.74844651,,,,0.050870922
6391747486,5/4/2016,9766,7.510000229,0.779999971,6.72705698,0,0.050000001,7.460000038,0,0,6,301,1133,2442,,,2.846477257,8.102432777,,,,0.076680866
6391747486,6/4/2016,165,0.129999995,0.129999995,0,0,0,0.129999995,0,0,0,8,1432,1849,,,-4.533522977,20.55283058,,,,0.052733233
6391747486,7/4/2016,0,0,0,0,0,0,0,0,0,0,0,1440,1822,,,-4.663522972,21.74844651,,,,0.050870922
6391747486,8/4/2016,0,0,0,0,0,0,0,0,0,0,0,1440,1820,,,-4.663522972,21.74844651,,,,0.050870922
6391747486,9/4/2016,0,0,0,0,0,0,0,0,0,0,0,198,251,,,-4.663522972,21.74844651,,,,0.050870922
6775888955,1/4/2016,7225,5.179999828,5.179999828,0,1.730000019,1.269999981,2.180000067,0,25,50,163,1189,3065,,,0.516476856,0.266748343,,,,0.09705576
6775888955,2/4/2016,1988,1.429999948,1.429999948,0,0,0,1.429999948,0,0,0,79,909,2207,,,-3.233523024,10.45567114,,,,0.071442006
6775888955,3/4/2016,1577,1.129999995,1.129999995,0,0.07,0.889999986,0.170000002,0,1,17,8,1414,1977,,,-3.533522977,12.48578463,,,,0.067210989
6775888955,4/4/2016,0,0,0,0,0,0,0,0,0,0,0,1440,1841,,,-4.663522972,21.74844651,,,,0.050870922
6775888955,5/4/2016,9348,6.699999809,6.699999809,0,1.129999995,2.039999962,3.140000105,0,56,133,240,1011,4286,,,2.036476837,4.14723791,,,,0.086365838
6775888955,6/4/2016,11761,8.430000305,8.430000305,0,1.309999943,2.440000057,4.679999828,0,24,99,300,550,3920,,,3.766477333,14.1863515,,,,0.063860281
6775888955,7/4/2016,13987,10.02999973,10.02999973,0,2.869999886,3.339999914,3.819999933,0,46,114,250,739,3856,,,5.366476758,28.7990728,,,,0.041151739
6775888955,8/4/2016,4131,2.960000038,2.960000038,0,1.370000005,0.610000014,0.980000019,0,27,30,75,1308,2584,,,-1.703522934,2.901990385,,,,0.089661286
6775888955,9/4/2016,14,0.01,0.01,0,0,0,0.01,0,0,0,1,601,787,,,-4.653522972,21.65527605,,,,0.051013653
6962181067,3/30/2016,15491,10.23999977,10.23999977,0,1.289999962,4.489999771,4.460000038,0,18,77,272,641,2244,,,5.576476798,31.09709348,,,,0.038403956
6962181067,3/31/2016,14097,9.319999695,9.319999695,0,3.5,1.919999957,3.900000095,0,50,32,234,595,2188,,,4.656476723,21.68277548,,,,0.050971484
6962181067,1/4/2016,10467,6.980000019,6.980000019,0,0.699999988,2.430000067,3.849999905,0,9,45,252,602,2014,,,2.316477047,5.366065911,,,,0.083257632
6962181067,2/4/2016,12437,8.300000191,8.300000191,0,3.75999999,1.289999962,3.24000001,0,50,24,219,732,2115,,,3.636477219,13.22396657,,,,0.065735445
6962181067,3/4/2016,12307,8.140000343,8.140000343,0,1.00999999,3.25999999,3.869999886,0,14,51,218,589,2055,,,3.476477371,12.08589491,,,,0.068024109
6962181067,4/4/2016,18952,12.80000019,12.80000019,0,5.909999847,1.230000019,5.659999847,0,73,20,327,570,2437,,,8.136477218,66.20226153,,,,0.013362918
6962181067,5/4/2016,12010,7.940000057,7.940000057,0,2.380000114,0.949999988,4.610000134,0,38,17,287,692,2158,,,3.276477085,10.73530209,,,,0.070843768
6962181067,6/4/2016,12480,8.859999657,8.25,3.97279501,4.179999828,0.689999998,4,0,55,14,276,593,2170,,,4.196476685,17.61041657,,,,0.05761193
6962181067,7/4/2016,13417,9.649999619,8.869999886,1.926301956,3.390000105,1.25,4.909999847,0.100000001,45,16,284,665,2244,,,4.986476647,24.86494936,,,,0.046319939
6962181067,8/4/2016,14400,10.88000011,9.520000458,5.45686388,2.470000029,2.880000114,5.53000021,0,27,37,276,697,2188,,,6.216477138,38.64458801,,,,0.03060592
6962181067,9/4/2016,12495,8.260000229,8.260000229,0,2.210000038,1.090000033,4.960000038,0,33,19,324,609,2231,,,3.596477257,12.93464866,,,,0.06630986
6962181067,10/4/2016,10148,6.710000038,6.710000038,0,1.360000014,0.219999999,5.130000114,0,19,7,306,679,2100,,,2.046477066,4.188068384,,,,0.086259859
6962181067,11/4/2016,12362,9.090000153,8.170000076,2.696455002,1.090000033,2.730000019,5.269999981,0,21,38,297,678,2188,,,4.426477181,19.59370024,,,,0.054276355
6962181067,12/4/2016,5893,3.900000095,3.900000095,0,2.880000114,0.560000002,0.460000008,0,43,9,48,146,917,,,-0.763522877,0.582967183,,,,0.096137203
7007744171,1/4/2016,11680,9.06000042,7.809999943,4.901282787,4.489999771,0.330000013,4.239999771,0,50,7,244,1139,2573,,,4.396477448,19.32901395,,,,0.054710097
7007744171,2/4/2016,10976,7.340000153,7.340000153,0,0.550000012,0.670000017,6.130000114,0,9,16,271,1075,2575,,,2.676477181,7.163530103,,,,0.078876769
7007744171,3/4/2016,16806,11.23999977,11.23999977,0,6.409999847,1.370000005,3.470000029,0,104,31,230,1002,3086,,,6.576476798,43.25004708,,,,0.026647593
7007744171,4/4/2016,15266,11.39999962,10.21000004,5.189849854,5.800000191,0.75999999,4.789999962,0.050000001,70,21,292,1057,2886,,,6.736476648,45.38011764,,,,0.024994197
7007744171,5/4/2016,12084,9.140000343,8.079999924,4.836380005,4.389999866,0.460000008,4.289999962,0,50,6,284,1030,2676,,,4.476477371,20.03884966,,,,0.053554628
7007744171,6/4/2016,13513,10.25,9.069999695,4.835720062,5.349999905,0.330000013,4.559999943,0,64,8,270,1098,2811,,,5.586477028,31.20872559,,,,0.038275251
7007744171,7/4/2016,14100,10.57999992,9.430000305,4.875989914,5.099999905,1.190000057,4.28000021,0,61,33,265,1015,2840,,,5.916476948,35.00469948,,,,0.03414621
7007744171,8/4/2016,12627,9.649999619,8.449999809,4.842319965,4.699999809,0.74000001,4.210000038,0,54,22,301,1063,2871,,,4.986476647,24.86494936,,,,0.046319939
7007744171,9/4/2016,10345,6.920000076,6.920000076,0,0.07,0.270000011,6.579999924,0,2,6,358,1074,2613,,,2.256477104,5.091688923,,,,0.083947434
7007744171,10/4/2016,10146,6.789999962,6.789999962,0,0.07,0.610000014,6.110000134,0,1,12,397,1030,2700,,,2.12647699,4.521904391,,,,0.085398223
7007744171,11/4/2016,12168,8.140000343,8.140000343,0,1.049999952,0.790000021,6.289999962,0,18,27,375,1020,2871,,,3.476477371,12.08589491,,,,0.068024109
7007744171,12/4/2016,7413,5.769999981,4.960000038,4.869782925,4.5,0.340000004,0.939999998,0,53,6,43,405,1023,,,1.106477009,1.224291372,,,,0.094300885
7086361926,1/4/2016,11463,7.670000076,7.670000076,0,2.829999924,1.889999986,2.930000067,0,38,30,154,777,2496,,,3.006477104,9.03890458,,,,0.074551547
7086361926,2/4/2016,87,0.02,0.02,0,0,0,0.01,0,0,0,2,872,1641,,,-4.643522972,21.56230559,,,,0.051156476
7086361926,3/4/2016,1949,1.309999943,1.309999943,0,0.230000004,0.349999994,0.730000019,0,3,6,27,1404,1794,,,-3.353523029,11.2461167,,,,0.069763843
7086361926,4/4/2016,6101,3.869999886,3.869999886,0,0.529999971,0.230000004,3.099999905,0,31,24,138,1247,2421,,,-0.793523086,0.629678887,,,,0.096002254
7086361926,5/4/2016,7478,4.989999771,4.989999771,0,1.799999952,0.529999971,2.609999895,0.029999999,25,33,132,1159,2439,,,0.326476799,0.106587101,,,,0.097524341
7086361926,6/4/2016,7352,4.730000019,4.730000019,0,1.409999967,0.779999971,2.529999971,0,19,14,124,814,2233,,,0.066477047,0.004419198,,,,0.097824433
7086361926,7/4/2016,14604,10.81999969,10.81999969,0,7.230000019,1.120000005,2.430000067,0.029999999,76,30,127,695,2862,,,6.156476718,37.90220558,,,,0.031296875
7086361926,8/4/2016,9634,6.519999981,6.519999981,0,2.5,1.399999976,2.589999914,0,50,48,140,797,2752,,,1.856477009,3.446506887,,,,0.088205072
7086361926,9/4/2016,7338,4.670000076,4.670000076,0,1.080000043,0.129999995,3.460000038,0,27,5,204,717,2519,,,0.006477104,4.20E-05,,,,0.097837311
7086361926,10/4/2016,569,0.349999994,0.349999994,0,0,0,0.340000004,0,0,0,27,1368,1799,,,-4.313522978,18.60648048,,,,0.055911841
7086361926,11/4/2016,6242,3.920000076,3.920000076,0,0.74000001,0.230000004,2.930000067,0,46,22,126,741,2543,,,-0.743522896,0.552826296,,,,0.096224381
7086361926,12/4/2016,430,0.25999999,0.25999999,0,0,0,0.25999999,0,0,0,14,75,625,,,-4.403522982,19.39101465,,,,0.054608186
8053475328,2/4/2016,20188,15.61999989,15.61999989,0,12.06000042,0.850000024,2.710000038,0,124,19,172,1125,3377,,,10.95647692,120.0443865,,,,0.002646801
8053475328,3/4/2016,25701,20.13999939,20.13999939,0,16.81999969,1.629999995,1.690000057,0,165,36,97,1142,3697,,,15.47647642,239.5213223,,,,7.28E-05
8053475328,4/4/2016,17395,13.21000004,13.21000004,0,9.670000076,0.180000007,3.349999905,0,100,4,213,1123,3209,,,8.546477068,73.04227028,,,,0.010878538
8053475328,5/4/2016,17167,13.40999985,13.40999985,0,9.960000038,0.310000002,3.140000105,0,98,8,184,1150,3167,,,8.746476878,76.50085779,,,,0.009803954
8053475328,6/4/2016,16435,12.42000008,12.42000008,0,8.960000038,0.550000012,2.910000086,0,100,14,191,1135,3122,,,7.756477108,60.16293713,,,,0.016024153
8053475328,7/4/2016,17078,13.19999981,13.19999981,0,9.970000267,0.239999995,2.99000001,0,101,6,190,1143,3176,,,8.536476838,72.87143681,,,,0.010934568
8053475328,8/4/2016,11693,9.539999962,9.539999962,0,6.769999981,0.25999999,2.5,0,60,6,153,1221,2790,,,4.87647699,23.78002784,,,,0.047856077
8053475328,9/4/2016,11159,9.140000343,9.140000343,0,6.690000057,0.25,2.190000057,0,59,6,120,1255,2715,,,4.476477371,20.03884966,,,,0.053554628
8053475328,10/4/2016,10118,7.730000019,7.730000019,0,3.049999952,0.800000012,3.880000114,0,30,18,207,1185,2684,,,3.066477047,9.403281483,,,,0.073739109
8053475328,11/4/2016,16064,12.72000027,12.72000027,0,9.979999542,0.360000014,2.380000114,0,96,8,155,1181,3097,,,8.056477298,64.90682646,,,,0.013893758
8053475328,12/4/2016,290,0.209999993,0.209999993,0,0,0,0.209999993,0,0,0,16,599,791,,,-4.453522979,19.83386692,,,,0.053885769
8253242879,1/4/2016,0,0,0,0,0,0,0,0,0,0,0,1440,1429,,,-4.663522972,21.74844651,,,,0.050870922
8253242879,2/4/2016,0,0,0,0,0,0,0,0,0,0,0,1440,1429,,,-4.663522972,21.74844651,,,,0.050870922
8253242879,3/4/2016,0,0,0,0,0,0,0,0,0,0,0,1440,1429,,,-4.663522972,21.74844651,,,,0.050870922
8253242879,4/4/2016,0,0,0,0,0,0,0,0,0,0,0,1440,1429,,,-4.663522972,21.74844651,,,,0.050870922
8253242879,5/4/2016,0,0,0,0,0,0,0,0,0,0,0,1440,1429,,,-4.663522972,21.74844651,,,,0.050870922
8253242879,6/4/2016,1931,1.279999971,1.279999971,0,0,0,1.279999971,0,0,0,94,1346,1607,,,-3.383523001,11.4482279,,,,0.069341114
8253242879,7/4/2016,5181,3.420000076,3.420000076,0,1,0.910000026,1.50999999,0.01,15,15,107,1303,1776,,,-1.243522896,1.546349192,,,,0.093392002
8253242879,8/4/2016,12026,9.149999619,9.149999619,0,5.699999809,0.930000007,2.50999999,0,47,13,150,1230,2162,,,4.486476647,20.12847271,,,,0.053410485
8253242879,9/4/2016,5360,3.539999962,3.539999962,0,0.540000021,1.549999952,1.460000038,0,8,28,148,1256,1832,,,-1.12352301,1.262303953,,,,0.094193151
8253242879,10/4/2016,2545,1.679999948,1.679999948,0,0,0,1.669999957,0.02,0,0,126,1314,1657,,,-2.983523024,8.901409632,,,,0.074860435
8253242879,11/4/2016,1636,1.080000043,1.080000043,0,0,0,1.080000043,0,0,0,86,1139,1377,,,-3.583522929,12.84163658,,,,0.066495591
8253242879,12/4/2016,0,0,0,0,0,0,0,0,0,0,0,1440,0,,,-4.663522972,21.74844651,,,,0.050870922
8378563200,1/4/2016,14179,11.23999977,11.23999977,0,6.230000019,1.059999943,3.960000038,0,73,21,195,719,3669,,,6.576476798,43.25004708,,,,0.026647593
8378563200,2/4/2016,3358,2.660000086,2.660000086,0,0,0,2.660000086,0,0,0,144,657,2702,,,-2.003522886,4.014103953,,,,0.086712303
8378563200,3/4/2016,9152,7.260000229,7.260000229,0,1.99000001,0.819999993,4.449999809,0,25,13,243,600,3304,,,2.596477257,6.741694149,,,,0.079883724
8378563200,4/4/2016,13935,11.05000019,11.05000019,2.092147112,4.090000153,0.790000021,6.170000076,0,105,16,220,658,4234,,,6.386477218,40.78709126,,,,0.028696192
8378563200,5/4/2016,12846,10.18999958,10.18999958,2.253081083,5,0.75,4.440000057,0,113,15,189,686,4128,,,5.526476608,30.5419437,,,,0.039050468
8378563200,6/4/2016,9124,7.239999771,7.239999771,2.092147112,0,0.25,6.989999771,0,55,6,230,728,3798,,,2.576476799,6.638232698,,,,0.080132651
8378563200,7/4/2016,9725,7.710000038,7.710000038,2.253081083,2.410000086,0.529999971,4.769999981,0,83,11,181,670,3839,,,3.046477066,9.281022516,,,,0.074010713
8378563200,8/4/2016,8350,6.619999886,6.619999886,2.092147112,1.49000001,0.529999971,4.610000134,0,72,10,167,868,3713,,,1.956476914,3.827801917,,,,0.087199468
8378563200,9/4/2016,2240,1.779999971,1.779999971,0,0,0,1.779999971,0,0,0,110,843,2606,,,-2.883523001,8.314704895,,,,0.07619294
8378563200,10/4/2016,2631,2.089999914,2.089999914,0,0,0,2.089999914,0,0,0,117,727,2624,,,-2.573523058,6.623020928,,,,0.080169316
8378563200,11/4/2016,8837,7.010000229,7.010000229,2.092147112,1.539999962,0.879999995,4.590000153,0,74,17,182,811,3775,,,2.346477257,5.50595552,,,,0.082908125
8378563200,12/4/2016,3246,2.569999933,2.569999933,2.253081083,0.829999983,0.709999979,1.029999971,0,65,15,49,243,1882,,,-2.093523039,4.382838713,,,,0.085756102
8583815059,1/4/2016,2174,1.700000048,1.700000048,0,0,0,1.700000048,0,0,0,112,1328,2360,,,-2.963522924,8.782468118,,,,0.075128674
8583815059,2/4/2016,3494,2.730000019,2.730000019,0,0,0,2.690000057,0,0,0,166,1274,2517,,,-1.933522953,3.738511008,,,,0.087433925
8583815059,3/4/2016,2380,1.860000014,1.860000014,0,0,0,1.860000014,0,0,0,131,1309,2400,,,-2.803522958,7.859740973,,,,0.077242545
8583815059,4/4/2016,3159,2.460000038,2.460000038,0,0,0,2.460000038,0,0,0,147,1293,2462,,,-2.203522934,4.855513319,,,,0.084545771
8583815059,5/4/2016,6835,5.329999924,5.329999924,0,0.370000005,0.730000019,4.239999771,0,5,15,212,1208,2786,,,0.666476952,0.444191528,,,,0.096539245
8583815059,6/4/2016,2098,1.639999986,1.639999986,0,0,0,1.629999995,0,0,0,112,1328,2354,,,-3.023522986,9.141691244,,,,0.074321465
8583815059,7/4/2016,2816,2.200000048,2.200000048,0,0,0,2.200000048,0,0,0,138,1302,2437,,,-2.463522924,6.068945195,,,,0.081516294
8583815059,8/4/2016,1408,1.100000024,1.100000024,0,0,0,1.100000024,0,0,0,79,1052,1814,,,-3.563522948,12.6986958,,,,0.066782037
8792009665,1/4/2016,4592,2.940000057,2.940000057,0,0.100000001,0.140000001,2.700000048,0,4,8,176,748,2260,,,-1.723522915,2.970531237,,,,0.089476671
8792009665,2/4/2016,8452,5.409999847,5.409999847,0,0.25999999,0.389999986,4.760000229,0,9,24,328,1079,3004,,,0.746476875,0.557227726,,,,0.096211646
8792009665,3/4/2016,7238,4.630000114,4.630000114,0,0.109999999,0.230000004,4.289999962,0,2,6,279,636,2667,,,-0.033522858,0.001123782,,,,0.097834128
8792009665,4/4/2016,3821,2.450000048,2.450000048,0,0,0.219999999,2.230000019,0,0,9,161,675,2229,,,-2.213522924,4.899683733,,,,0.084433544
8792009665,5/4/2016,2332,1.49000001,1.49000001,0,0.01,0.180000007,1.299999952,0,1,10,111,904,2100,,,-3.173522962,10.07124799,,,,0.07227269
8792009665,6/4/2016,2121,1.360000014,1.360000014,0,0,0,1.360000014,0,0,0,122,855,2114,,,-3.303522958,10.91326393,,,,0.07046565
8792009665,7/4/2016,1291,0.829999983,0.829999983,0,0,0,0.829999983,0,0,0,77,888,1961,,,-3.833522989,14.6958985,,,,0.062889208
8792009665,8/4/2016,1467,0.939999998,0.939999998,0,0.100000001,0.209999993,0.629999995,0,2,8,71,912,1953,,,-3.723522974,13.86462333,,,,0.064481125
8792009665,9/4/2016,1022,0.649999976,0.649999976,0,0,0,0.649999976,0,0,0,63,739,1890,,,-4.013522996,16.10836684,,,,0.060273893
8792009665,10/4/2016,4605,2.950000048,2.950000048,0,0,0,2.950000048,0,0,0,179,1261,2253,,,-1.713522924,2.936160809,,,,0.0895692
8792009665,11/4/2016,178,0.109999999,0.109999999,0,0,0,0.109999999,0,0,0,12,1428,1725,,,-4.553522973,20.73457146,,,,0.052445817
8792009665,12/4/2016,20,0.01,0.01,0,0,0,0.01,0,0,0,6,598,728,,,-4.653522972,21.65527605,,,,0.051013653
8877689391,1/4/2016,18700,15.81999969,15.81999969,0,8.699999809,0.159999996,6.909999847,0,67,3,247,1123,3527,,,11.15647672,124.4669728,,,,0.002317193
8877689391,2/4/2016,27572,23.38999939,23.38999939,0,14.72000027,1.210000038,7.340000153,0.01,116,24,260,1040,4220,,,18.72647642,350.6809191,,,,2.57E-06
8877689391,3/4/2016,15260,8.18999958,8.18999958,0,1.799999952,0.75,5.570000172,0,106,17,259,1058,3864,,,3.526476608,12.43603727,,,,0.067311612
8877689391,4/4/2016,20779,18.40999985,18.40999985,0,11.72999954,0.649999976,6,0,78,16,208,1138,3662,,,13.74647688,188.9656266,,,,0.000333125
8877689391,5/4/2016,10695,8.119999886,8.119999886,0,0.769999981,0.180000007,7.090000153,0.01,10,3,246,1181,2834,,,3.456476914,11.94723266,,,,0.06830835
8877689391,6/4/2016,24136,20.90999985,20.90999985,0,12.22000027,0.540000021,8.079999924,0,87,16,318,1019,4039,,,16.24647688,263.948011,,,,3.49E-05
8877689391,7/4/2016,10910,8.420000076,8.420000076,0,2.960000038,0.389999986,5.03000021,0,32,11,212,1185,2947,,,3.756477104,14.11112024,,,,0.064004919
8877689391,8/4/2016,23014,20.38999939,20.38999939,0,11.10000038,0.629999995,8.619999886,0,70,29,359,982,4196,,,15.72647642,247.3220605,,,,5.76E-05
8877689391,9/4/2016,16470,8.069999695,8.069999695,0,0,0.02,8.020000458,0,90,9,289,1052,3841,,,3.406476723,11.60408367,,,,0.069016882
8877689391,10/4/2016,28497,27.53000069,27.53000069,0,21.92000008,1.120000005,4.460000038,0,128,46,211,1055,4526,,,22.86647772,522.8758032,,,,1.45E-08
8877689391,11/4/2016,10622,8.06000042,8.06000042,0,1.470000029,0.150000006,6.369999886,0.01,18,7,225,1190,2820,,,3.396477448,11.53605906,,,,0.069158209
8877689391,12/4/2016,2350,1.779999971,1.779999971,0,0,0,1.779999971,0,0,0,58,531,938,,,-2.883523001,8.314704895,,,,0.07619294
